date,Time,DateTimeTimeStamp,Lever1,Lever2,Lever3,Lever4,Lever5,KPI_1,KPI_2,KPI_3,KPI_4,KPI_5,KPI_6,KPI_7,KPI_8,KPI_9,KPI_10,KPI_11,KPI_12,KPI_13,KPI_14,KPI_15,KPI_16,KPI_17,KPI_18,KPI_19,KPI_20,KPI_21,KPI_22,KPI_23,KPI_24,KPI_25
2008-09-07,05:33:30,2008-09-07 05:33:30,6.816069,1.175766,101.839407,88.257677,2027.710745,1.829374,1891.833100,2360.900869,0.021151,94.298815,3824.535822,28579.566718,0.888505,98.823928,0.026401,0.066377,3910.690188,2431.557072,1718.670004,2136.478319,,1.188072,840078.993375,13184634.814586,115168.845894,0.196089,0.230921,107.566554,77.724869,113.085235
2008-09-14,05:33:40,2008-09-14 05:33:40,6.090982,1.171892,120.609747,103.802664,2343.403864,2.161813,2125.260895,2351.768942,0.029132,111.806479,4151.924467,31963.543582,0.876251,95.517262,0.021980,0.052314,2438.560074,3038.036466,1707.309036,1715.265322,2193.104511,1.093708,718362.427643,7252414.359197,93925.783820,0.153481,0.205586,169.722659,81.647581,97.749855
2008-09-21,05:33:50,2008-09-21 05:33:50,8.107906,1.093480,70.512454,81.053030,1813.223593,1.809078,1848.765376,2665.273013,0.025211,65.793500,3708.922940,30871.515538,1.041753,84.300871,0.017643,0.045113,4336.405783,2277.547723,2332.710793,2637.056495,1742.905404,0.741874,770253.446106,10122730.881190,113364.329169,0.187194,0.200272,82.683735,76.936955,89.526172
2008-09-28,05:34:00,2008-09-28 05:34:00,6.503378,1.120809,78.580774,86.393057,2722.012227,1.783987,2551.152515,2989.180170,0.023001,60.921561,4344.521303,30989.510274,0.993207,91.280657,0.020948,0.060285,4318.784136,2354.458045,1782.395967,1418.691081,1687.832274,1.185601,935429.362294,13137335.598555,110341.450598,0.239568,0.278905,72.396361,82.582318,101.592124
2008-10-05,05:34:10,2008-10-05 05:34:10,8.563712,1.023555,148.984760,104.379371,2235.634416,1.704296,2186.097920,2374.683030,0.024525,133.902849,3993.483142,28974.472130,0.981977,70.849359,0.022937,0.033353,2825.928788,2257.806530,2218.309197,2118.069055,2138.807720,1.401582,772165.242327,10027808.770460,138476.263461,0.223300,0.199022,144.206082,77.538031,115.056889
2008-10-12,05:34:20,2008-10-12 05:34:20,7.331472,0.847550,170.235911,91.477159,2607.424353,1.641999,1711.295023,2214.981993,0.018317,215.225695,3280.268264,24758.801353,0.919120,82.929508,0.019616,0.053812,4537.454714,2001.204234,2131.116333,2041.055315,2303.357797,1.214005,870358.336042,7358201.678080,123829.970109,0.241445,0.232860,156.153171,93.394634,93.492248
2008-10-19,05:34:30,2008-10-19 05:34:30,6.996114,1.361750,239.189433,69.636333,2354.321603,1.680948,2112.308674,2789.975239,0.014098,272.076203,4995.339529,27658.327835,0.990575,83.667585,0.023352,0.072835,4891.027153,2286.434990,2043.050427,1865.453626,2041.203587,1.269302,1015662.604545,12507721.503376,107797.425577,0.268306,0.234968,249.586554,70.909362,111.649626
2008-10-26,05:34:40,2008-10-26 05:34:40,7.862929,0.959470,169.924569,87.400306,1860.495689,2.304301,1561.225600,1596.887584,0.020788,158.982609,2795.240957,26550.026332,1.139476,92.296615,0.017644,0.059161,4365.804631,1807.890899,2083.519243,1642.543763,2174.675175,1.191860,788734.568652,11031822.196892,126414.295885,0.180036,0.295711,195.855814,78.533138,117.297378
2008-11-02,05:34:50,2008-11-02 05:34:50,7.893796,1.130993,307.334240,109.800400,1600.156412,1.782286,1929.896804,2268.511988,0.022378,267.365099,3521.445128,23794.629033,1.029411,90.297694,0.026409,0.059836,4610.466609,2555.837784,2216.541529,1871.115677,1617.404269,0.927214,1015585.177409,11112803.540109,115926.733325,0.226797,0.143019,266.951182,83.630858,122.733908
2008-11-09,05:35:00,2008-11-09 05:35:00,6.548452,1.051555,467.642384,77.573964,2007.203212,1.913023,2042.414822,2206.945801,0.019157,279.182384,3989.769990,32054.401772,0.781469,88.276714,0.018625,0.051330,3929.103681,2500.968904,2525.415628,2205.409915,1664.234784,1.237506,863364.674985,13082897.872009,116218.583856,0.206670,0.217764,431.939179,98.318674,80.823841
2008-11-16,05:35:10,2008-11-16 05:35:10,4.280951,1.232135,564.811877,80.349947,1764.707149,1.915407,2268.543538,2467.006689,0.022214,358.472092,3475.470640,26885.676037,0.971952,113.008280,0.020335,0.052833,3511.837534,2247.687155,2256.484046,1568.769213,2032.369978,1.133607,1127585.355001,15026423.985576,119429.072756,0.266546,0.192331,476.711309,100.263240,121.638591
2008-11-23,05:35:20,2008-11-23 05:35:20,7.457601,1.219197,523.018087,105.373158,2106.770552,1.675543,2451.158260,1911.713930,0.020605,434.330832,3274.471320,29425.495520,1.233187,90.112223,0.026492,0.054038,5111.867445,2100.995090,2057.653708,2120.213396,1910.066498,0.677872,1051118.298609,14406711.046144,119991.395080,0.206612,0.210884,515.181319,92.115008,102.533724
2008-11-30,05:35:30,2008-11-30 05:35:30,7.235271,0.977526,628.723684,73.205700,2666.294398,2.160402,2558.335717,2585.719095,0.019484,358.088076,4112.967046,30659.167774,1.338424,85.335645,0.017823,0.077618,5164.324106,2229.630393,2063.436965,1564.735996,2528.708766,1.235816,1082916.010950,11723048.367762,134185.823518,0.211470,0.262480,538.948947,88.186336,88.705417
2008-12-07,05:35:40,2008-12-07 05:35:40,7.752481,1.032246,654.648173,99.905029,1915.697754,1.964453,1614.402314,2310.336020,0.024129,437.826983,3004.064681,28276.423201,1.014825,95.497044,0.023580,0.060039,4423.500026,1908.539411,2151.681258,1893.381184,2123.199873,0.923359,1057032.522280,5989199.587604,114173.237459,0.210560,0.184447,583.858748,79.695565,102.247688
2008-12-14,05:35:50,2008-12-14 05:35:50,7.839017,0.769786,712.273894,80.300717,1811.261253,1.146811,1925.270977,1636.927404,0.014325,477.478633,3198.687984,30443.108001,1.182797,118.675729,0.024248,0.052808,4044.730615,2090.499972,2101.477350,1772.551584,2425.817155,0.850875,936742.577261,12137870.785004,126792.462035,0.183419,0.234823,762.554478,94.489359,119.937862
2008-12-21,05:36:00,2008-12-21 05:36:00,8.528613,1.373708,699.621089,98.391419,1792.806965,2.032979,2320.789956,2059.002951,0.024296,508.120226,4880.695879,20719.642166,1.071811,100.542476,0.022819,0.056001,2679.210412,2455.630857,1484.213232,1676.465197,1650.649159,0.817444,854105.253531,12776223.654728,123524.937676,0.175356,0.214325,439.936943,76.187400,108.130074
2008-12-28,05:36:10,2008-12-28 05:36:10,6.068770,1.034498,562.279400,117.396138,2216.656647,0.878783,2478.630276,2338.006901,0.021651,463.726475,3277.094798,24889.556113,1.166217,101.060840,0.017066,0.068226,4227.877546,2656.591192,1671.991218,2320.988983,2613.429751,1.080801,1052552.473654,10700253.982132,129010.708080,0.195752,0.184417,658.988032,122.917416,116.598170
2009-01-04,05:36:20,2009-01-04 05:36:20,6.174186,1.442430,613.070795,72.061851,2530.899877,1.701353,1769.694314,2363.916071,0.020528,484.879225,3452.696271,29695.407256,1.112430,102.873665,0.020431,0.067459,5472.004596,1813.287115,1779.895231,1493.227125,2121.312922,0.967335,1008182.880265,13586035.608089,156525.557052,0.238132,0.248838,654.131727,99.892088,111.493725
2009-01-11,05:36:30,2009-01-11 05:36:30,7.046125,1.410240,718.217705,95.594308,2285.148739,1.841055,2215.691601,1869.655177,0.020140,485.783977,3558.558158,31584.007784,1.105243,112.436826,0.015816,0.065613,3798.873403,1943.636428,2387.441288,2497.499966,2062.220026,0.898764,1073752.680290,14620631.267131,137450.953204,0.172209,0.189985,545.735979,93.326369,126.077741
2009-01-18,05:36:40,2009-01-18 05:36:40,5.804871,0.933216,908.362310,83.862987,2391.527660,1.976775,2094.555191,1562.961265,0.024527,552.137453,3709.843620,33750.404991,0.801260,97.760584,0.024080,0.073258,3894.657643,2144.823828,2659.677824,1595.322344,1834.092224,0.866822,736667.525088,13797570.027429,135098.188273,0.189860,0.218634,599.506756,81.600018,117.868287
2009-01-25,05:36:50,2009-01-25 05:36:50,5.152024,1.098910,784.346232,130.201513,1240.867580,1.458971,1823.977716,1820.699333,0.020211,531.623902,3704.068210,26483.896414,1.162464,90.297010,0.021076,0.057960,4452.198858,2211.950539,2156.001977,1948.258132,1382.322654,0.852265,741876.156723,11754175.249410,132763.593162,0.208139,0.198188,947.410289,103.618116,92.185889
2009-02-01,05:37:00,2009-02-01 05:37:00,3.567549,0.837347,752.375306,83.670735,2347.275507,1.485588,1674.694212,1665.831133,0.021614,455.629596,3729.099065,26582.108723,0.786945,99.491440,0.026620,0.063779,4383.931733,2605.168457,1950.504681,2606.788015,2233.311163,1.008960,911875.531304,13695475.754523,126798.295688,0.187748,0.227954,916.109462,96.576538,96.243716
2009-02-08,05:37:10,2009-02-08 05:37:10,6.573246,1.242616,730.036608,118.288241,2715.484391,1.360923,2732.344536,1876.120538,0.026599,751.825834,4030.199820,33701.000742,1.550690,122.445904,0.026776,0.072242,3876.804350,1965.293143,2345.644846,1950.291182,2105.665614,1.031279,966886.116373,14020558.098431,144405.620685,0.172870,0.227274,888.233876,93.700549,104.722576
2009-02-15,05:37:20,2009-02-15 05:37:20,6.458820,0.948470,877.354758,94.284363,2574.508469,1.694073,2213.913015,1859.041178,0.033174,743.324948,3945.718418,18886.164290,1.139344,84.396775,0.024810,0.058301,4246.426938,2382.848778,2319.846928,2293.913856,1649.738949,0.798417,1135860.425892,12845566.006138,124077.277043,0.144874,0.190961,916.123818,106.681890,123.255510
2009-02-22,05:37:30,2009-02-22 05:37:30,6.419560,1.039653,950.193358,85.922041,2423.704506,1.440882,2092.561269,2533.979456,0.026066,417.258258,4110.186451,32614.505176,1.094020,116.920533,0.020912,0.070525,4487.264429,2552.359255,1943.352582,1884.944551,2283.744537,0.964390,1277917.188351,11143968.506576,144487.807531,0.121249,0.233574,1025.396266,84.522131,121.420717
2009-03-01,05:37:40,2009-03-01 05:37:40,6.836035,1.152321,1025.661794,102.251434,2268.358634,1.430532,1946.735670,1938.361335,0.026186,431.237214,3391.130664,25008.579059,1.334722,83.753119,0.025144,0.069584,3968.408915,2490.880432,2098.921356,1717.662286,2177.751874,1.147455,966581.161820,12647804.866393,180299.528241,0.220435,0.209317,799.410843,109.158397,100.484375
2009-03-08,05:37:50,2009-03-08 05:37:50,4.665468,1.091295,985.199240,105.979332,2489.593413,1.676768,2641.265063,1877.776836,0.026228,834.794111,2695.426605,22614.616781,1.313909,115.063703,0.026434,0.053961,3999.666981,2138.826328,1792.910438,2506.762166,1865.062241,0.979181,879548.497392,12326647.501346,158386.296659,0.156385,0.220639,991.789905,117.981267,124.790076
2009-03-15,05:38:00,2009-03-15 05:38:00,4.071399,0.970158,1338.814196,104.858541,2241.917793,1.688054,2141.144273,1781.564369,0.021600,590.560778,4064.780336,21636.459457,0.877081,99.395156,0.022804,0.053829,5115.472081,2186.083035,2431.501989,2308.666812,1906.643879,1.015198,1161665.439922,12949565.601828,136605.803553,0.210006,0.217736,1259.132412,106.570525,106.248024
2009-03-22,05:38:10,2009-03-22 05:38:10,6.891331,1.310370,1280.916732,100.731018,2383.807166,1.320329,2048.833860,1715.525313,0.032438,670.449206,4051.302319,25417.659437,1.241159,98.175839,0.023426,0.055154,4213.819313,2619.072887,1697.238093,1703.367487,1796.918262,1.331402,720637.713380,9669280.877619,110148.326478,0.181466,0.187627,1444.745354,87.045994,136.334112
2009-03-29,05:38:20,2009-03-29 05:38:20,6.558133,1.163623,844.442254,120.906475,2077.796641,1.403912,2794.945147,1936.927262,0.028643,628.039798,2792.887297,22662.471606,0.919365,110.045396,0.023270,0.050616,4655.995293,2349.745221,1894.893942,1835.426676,2159.415989,1.026713,1001437.864430,9346063.962978,117043.028712,0.165571,0.243669,1230.926427,108.156405,97.729934
2009-04-05,05:38:30,2009-04-05 05:38:30,7.512409,1.064794,1303.120926,125.301819,2228.551548,2.183335,1919.908442,1922.274137,0.021914,693.368557,4299.636016,23968.986567,1.137981,82.985769,0.024576,0.066191,3976.985808,2627.918475,2009.904120,1828.396478,2122.349362,1.108539,1119949.898958,20997571.223795,145544.149006,0.181677,0.203559,1118.642800,109.512790,156.514104
2009-04-12,05:38:40,2009-04-12 05:38:40,7.491265,1.338386,1265.648002,79.997910,2414.321585,1.700916,1863.310067,1954.471205,0.025644,820.822669,2441.561343,21858.438421,1.147137,113.050300,0.022491,0.069032,5600.829904,2190.445754,2025.711485,2146.226841,1782.122420,0.937694,1300244.498983,9918776.813518,124358.500577,0.160761,0.219000,1163.748836,92.650434,148.737604
2009-04-19,05:38:50,2009-04-19 05:38:50,5.664355,1.132737,1460.518165,98.317184,2023.899390,1.777044,2106.155308,2004.266299,0.032526,745.749988,4221.982055,23926.792689,0.949361,118.972985,0.024298,0.065781,5326.354897,2643.220173,2095.971583,1665.189963,1703.656043,0.861171,1031644.641406,10428104.121626,150190.132637,0.194339,0.235539,1395.118606,76.277439,132.558097
2009-04-26,05:39:00,2009-04-26 05:39:00,6.446867,1.041457,1025.218201,92.192298,2088.935832,1.809724,2069.342772,1887.565300,0.029870,830.941785,5004.228613,21949.437628,1.075471,92.177984,0.028944,0.048709,4978.565154,2866.647443,1791.721157,2556.340175,1739.252632,0.668165,1291981.109202,11517580.567923,138787.617612,0.209701,0.145685,1399.288598,98.975873,134.559030
2009-05-03,05:39:10,2009-05-03 05:39:10,5.574709,1.073675,1128.708350,125.171499,2834.046815,1.839148,1666.930515,2441.095443,0.022993,567.762097,3558.576959,26636.384824,1.054550,87.803450,0.025150,0.058537,5232.147239,2688.333322,2087.739262,2684.140065,2311.208932,1.167743,1167157.766431,12336121.605880,96779.323488,0.195836,0.251141,997.736956,105.495175,101.488124
2009-05-10,05:39:20,2009-05-10 05:39:20,6.800782,0.899794,1052.504654,97.732470,2329.491007,1.177760,1836.217153,1818.774176,0.027320,671.986368,3897.258690,23986.991453,1.189633,105.309690,0.027441,0.064669,4961.488979,2919.217715,1614.997111,2185.792801,1948.022527,0.947584,1071547.779246,15720570.539372,151792.140184,0.221303,0.226131,889.145352,110.990446,134.203234
2009-05-17,05:39:30,2009-05-17 05:39:30,7.442156,1.077557,1174.916343,76.676257,2017.053126,1.845276,2528.119577,1926.061921,0.028146,673.762595,3613.687602,30487.334985,0.761181,98.655819,0.031283,0.038221,3639.088854,2172.944545,1910.563026,2150.703301,1932.131842,0.954479,1143360.289728,13111589.154679,165698.775459,0.167916,0.242749,910.744609,93.543314,123.129309
2009-05-24,05:39:40,2009-05-24 05:39:40,5.864307,1.042663,1115.343767,105.517797,2068.140353,1.815671,2670.208667,2037.040880,0.034057,515.455125,2923.271630,32811.150572,1.052714,104.708023,0.032050,0.055980,5802.328639,2521.816939,2596.343054,2427.284390,1922.991861,1.114425,1108372.815642,9506520.023991,117235.976972,0.170826,0.222511,1084.069254,92.572740,139.694430
2009-05-31,05:39:50,2009-05-31 05:39:50,5.964864,1.305481,967.818125,81.628895,2363.678449,1.143207,2483.208345,2454.384631,0.027600,636.584882,4142.862248,21349.400138,0.915325,91.633634,0.029420,0.064878,4620.623094,2218.631339,2074.334273,1936.003068,2392.224557,1.102060,1050476.066532,11747115.112576,126280.103331,0.199103,0.198547,848.304365,101.889984,103.879017
2009-06-07,05:40:00,2009-06-07 05:40:00,6.414999,1.102613,1020.289265,125.165926,2432.728036,1.144132,2017.237634,2627.591961,0.034366,672.235107,3859.326453,28983.834411,0.865546,119.579575,0.028279,0.055461,4710.382260,2237.867558,2340.841492,1599.691440,2495.720314,0.973619,986819.381820,14721051.254093,113636.458368,0.206087,0.219514,1156.873234,78.670771,94.544304
2009-06-14,05:40:10,2009-06-14 05:40:10,5.961082,1.079695,1163.551142,98.241094,2258.062364,1.576051,2663.548068,1984.777054,0.027219,816.698459,3402.794817,26355.670754,1.087742,96.496625,0.031688,0.059490,5923.363837,2190.127193,1634.939694,2059.000975,2291.348893,0.972574,1249256.554033,11971783.670039,134570.419471,0.242540,0.204962,1166.573609,106.854563,124.189465
2009-06-21,05:40:20,2009-06-21 05:40:20,6.028199,1.164905,1084.417750,90.799447,2509.102170,1.388766,2395.898090,2386.461434,0.030878,512.269198,3939.121195,23273.423036,0.943084,114.847908,0.039309,0.075411,4847.112739,2524.009648,1685.187184,2138.614978,1625.857833,0.719306,1021617.457575,12275508.353233,136670.811003,0.163381,0.206527,923.626525,96.582379,103.983710
2009-06-28,05:40:30,2009-06-28 05:40:30,4.076750,1.130345,960.743700,109.351424,2368.354331,1.435310,2203.847062,2143.481829,0.025407,531.159010,3496.926337,26240.495713,0.870491,108.493350,0.029536,0.055661,5312.894815,3176.181857,2752.508420,1844.942139,2570.743884,1.025071,1225515.027759,13904446.987325,141291.716793,0.118780,0.153479,1252.104396,100.087886,86.535763
2009-07-05,05:40:40,2009-07-05 05:40:40,5.511335,0.981363,1198.458917,72.563954,2404.745272,1.469494,2566.538721,2077.787139,0.026494,783.804525,3197.094090,24548.906268,0.969439,103.660436,0.027729,0.042032,5612.904478,2841.385533,2384.284957,2231.731396,2262.622229,0.764763,978797.330433,12075235.876158,144529.942710,0.188955,0.202282,981.907467,72.906746,134.219100
2009-07-12,05:40:50,2009-07-12 05:40:50,6.433774,1.081269,1232.339685,80.201688,2027.165950,1.167588,2900.158661,1961.871258,0.034366,864.084992,4357.265400,20243.808995,0.840902,85.786151,0.021552,0.042773,4599.909374,2946.464774,2199.337492,1954.370601,2209.336419,0.953369,901886.678587,12909830.966969,143167.555439,0.180910,0.265467,1082.917391,82.585139,118.259969
2009-07-19,05:41:00,2009-07-19 05:41:00,5.989089,1.144845,1005.733685,96.696212,2721.561624,1.280924,2486.224317,1857.932357,0.033080,433.038628,2965.562477,26582.013740,0.985906,87.705011,0.025977,0.055358,6262.044302,2226.837993,2310.754338,2127.343010,2250.525115,1.393572,1179604.244733,11223520.888218,143362.205573,0.198114,0.202329,1000.036301,82.117317,152.005469
2009-07-26,05:41:10,2009-07-26 05:41:10,4.756425,1.021826,879.890482,108.511400,1660.858703,1.171549,2530.147811,2277.706709,0.030388,515.409903,4127.727332,16659.876158,1.190535,91.993466,0.033313,0.055744,5720.352608,2293.246566,2413.394117,2359.257698,2211.476028,0.891731,1066482.928027,12109211.212248,120857.237544,0.235680,0.182380,964.079321,120.237004,129.503224
2009-08-02,05:41:20,2009-08-02 05:41:20,6.112329,1.110927,727.275720,104.002314,1949.106147,1.281848,1936.776619,2647.859054,0.041346,620.101928,3471.212546,19419.291299,0.968407,81.539824,0.024379,0.055321,4306.324371,1916.780341,2490.602894,2092.860690,1657.736062,0.873164,1053030.319133,15000529.842271,129302.962102,0.224412,0.219700,712.516233,60.899580,133.668310
2009-08-09,05:41:30,2009-08-09 05:41:30,7.537298,1.155297,625.257415,93.470462,1602.918640,1.484833,3075.034436,2260.670934,0.034966,484.268234,3080.839971,22336.184888,0.968658,67.456794,0.023862,0.065091,5023.595290,2606.081618,2651.786848,2240.496269,2305.182668,1.190846,805245.768134,8319491.925272,117626.326774,0.166593,0.222105,753.960410,116.831323,98.185750
2009-08-16,05:41:40,2009-08-16 05:41:40,5.702849,1.040007,498.940115,74.529096,1987.219554,1.108062,2252.510971,2013.344736,0.031144,340.208257,4355.940653,26852.019938,1.177273,102.130398,0.035782,0.058469,4125.341189,1837.473369,2162.132429,1849.499057,1471.218354,1.365983,805201.068866,7198783.478116,109222.479525,0.122743,0.133101,603.913572,95.181529,106.916475
2009-08-23,05:41:50,2009-08-23 05:41:50,8.480461,1.085351,429.999106,83.173203,1825.418230,1.291865,2229.764546,2136.734448,0.037112,327.501463,3333.370232,20333.842017,1.273702,73.843710,0.029556,0.041681,4164.076844,2102.607365,2395.521608,1981.046995,2460.482192,0.911545,1196661.057184,17180670.589129,116959.102508,0.239593,0.284365,388.344999,91.985001,113.210220
2009-08-30,05:42:00,2009-08-30 05:42:00,6.400339,0.980452,308.082137,80.649169,2176.331704,1.350732,2860.327547,1959.763103,0.040336,372.084171,2569.983813,25257.298041,0.880297,77.832634,0.029168,0.054882,5414.361967,1746.426151,2360.636165,1642.453486,2347.492242,0.928679,1074475.488694,12803641.024810,131938.167200,0.190144,0.223306,446.556713,85.040217,100.700062
2009-09-06,05:42:10,2009-09-06 05:42:10,6.216562,1.098165,378.898035,110.097970,2352.018301,1.280654,2831.805286,2092.079921,0.036733,310.094840,3637.080912,20684.099240,0.849165,87.287270,0.029184,0.047645,5967.780346,3154.304766,2168.805392,2134.393750,1739.018446,0.873024,858447.416737,10376316.481211,112293.997927,0.219716,0.213922,320.473709,72.764329,120.755571
2009-09-13,05:42:20,2009-09-13 05:42:20,6.084924,1.177282,142.152194,95.354948,1917.885114,0.809406,2732.373690,1867.578949,0.028201,121.701451,3394.740336,24100.288636,1.014339,97.232847,0.028203,0.063741,4275.547741,2670.024289,1908.764463,1620.935177,2540.376942,1.123656,727403.190629,8231281.452741,112700.709056,0.159095,0.155511,183.914787,74.024664,93.303965
2009-09-20,05:42:30,2009-09-20 05:42:30,7.899135,1.342937,222.302715,95.968641,2207.645708,1.301112,2919.599196,2530.565699,0.039706,183.817224,3065.753802,23599.436954,0.877963,98.915223,0.028339,0.056786,4814.499383,2419.635981,2373.258517,2439.275669,2601.497196,0.728927,1281544.714273,12032101.171697,105987.588533,0.174840,0.182663,199.556334,95.928888,75.283396
2009-09-27,05:42:40,2009-09-27 05:42:40,9.570222,0.803642,115.164376,94.349130,1598.102270,1.109455,3036.233543,2166.107950,0.029955,141.854987,3361.239218,24000.139147,1.065432,89.999663,0.032898,0.055124,4585.133428,2662.416390,3184.650206,2547.147339,2752.830924,1.273334,959134.050376,12500589.672281,115623.330614,0.198649,0.270199,134.837985,87.025182,99.540422
2009-10-04,05:42:50,2009-10-04 05:42:50,10.416358,0.958381,193.504219,84.324841,1778.555566,0.905875,2880.669430,2496.150123,0.037728,191.675340,2927.871051,20268.802940,0.929354,132.658232,0.028971,0.055066,3382.096916,1218.059913,1567.748880,2350.473549,2243.324657,1.147583,1081321.156453,14772107.892715,133876.066370,0.181475,0.178280,208.746433,91.229806,109.200671
2009-10-11,05:43:00,2009-10-11 05:43:00,6.798956,1.042322,256.773363,94.455105,2269.989017,1.250841,2700.007240,2493.459268,0.030038,243.997808,3147.388485,18396.971132,0.886219,88.009098,0.027378,0.039818,4655.926596,2707.883760,2252.131088,2169.732076,2382.706341,1.042057,946832.621019,14012385.742343,135785.642759,0.205522,0.277875,318.423837,71.690792,100.415801
2009-10-18,05:43:10,2009-10-18 05:43:10,8.208991,1.312819,378.889987,94.542358,2154.372083,0.803323,2387.278196,1841.328121,0.029084,376.253229,3537.667933,21123.788158,1.122683,90.857963,0.026062,0.049552,5308.025440,2271.478262,1949.729486,1821.536386,2500.179363,1.166191,936036.372665,17304964.375630,102753.960135,0.227412,0.216040,434.348962,98.424573,110.011452
2009-10-25,05:43:20,2009-10-25 05:43:20,7.478427,1.122495,236.815495,103.916826,1695.611000,1.090586,2728.038090,1986.943905,0.029115,183.595112,3634.957511,24703.367779,1.040710,90.561668,0.030216,0.065919,4048.060451,2021.343398,1760.506871,1684.188641,2891.434108,1.021719,1152095.851999,10768527.635928,122519.902413,0.213063,0.237247,371.250522,98.917012,98.500421
2009-11-01,05:43:30,2009-11-01 05:43:30,7.114967,0.886404,438.274122,95.497559,2336.844685,1.056804,2118.980980,1892.252949,0.031008,350.619711,3434.249798,23289.740098,1.055767,88.071664,0.026808,0.049123,4450.665437,2721.442209,2459.049803,1890.502102,2452.210677,1.154526,947334.678219,13197740.261091,151767.029457,0.169361,0.291488,322.156760,79.306394,102.271498
2009-11-08,05:43:40,2009-11-08 05:43:40,9.026624,1.104705,594.246505,87.520134,2506.686265,1.104595,2212.326179,2943.507558,0.030718,417.219671,3873.251974,14526.062438,0.842405,89.874548,0.025081,0.077777,6846.979169,2409.669832,2238.703080,2106.539293,2884.860466,1.050145,886555.634679,10855841.412673,155079.659140,0.201341,0.272846,607.968015,72.131931,109.044994
2009-11-15,05:43:50,2009-11-15 05:43:50,11.605551,0.974966,338.564157,99.369689,2250.186725,0.990463,2701.396354,1530.997620,0.031639,384.050629,2952.633090,22112.764993,0.969299,95.721629,0.031165,0.050703,4698.192140,2570.807094,2205.310581,1843.204279,2400.866675,0.867858,1153663.349361,13671174.117321,147185.949149,0.215792,0.220622,683.006542,75.172718,114.182172
2009-11-22,05:44:00,2009-11-22 05:44:00,8.062494,1.251331,588.549776,67.007281,3136.235844,1.217382,2336.854398,2333.489755,0.031039,489.939867,3469.517946,18597.607264,1.130025,63.419254,0.029705,0.052334,5840.064073,2495.363298,1330.966389,1812.192383,1799.999739,0.922093,869615.439957,14055429.044876,139430.952508,0.210527,0.245111,761.711560,111.140375,103.768555
2009-11-29,05:44:10,2009-11-29 05:44:10,7.531313,1.020155,646.862069,105.457457,1626.880229,0.839229,2713.958231,2035.973506,0.030247,482.038418,3213.164165,28230.651310,0.879946,115.225961,0.024498,0.045979,5235.448899,2254.948471,1640.257084,2343.544014,1861.756562,1.019088,1190079.138111,13190769.044156,160551.808412,0.220658,0.233897,808.139075,79.196701,101.150238
2009-12-06,05:44:20,2009-12-06 05:44:20,8.567883,1.224356,671.198682,120.415952,2189.756756,0.964251,2702.451359,1626.562436,0.033048,630.119256,3651.140638,25513.928199,0.795174,111.663153,0.037054,0.053419,5120.306913,2407.411667,1941.768933,1643.965680,2599.611482,0.819165,1003983.931376,14065542.850564,129857.634311,0.203591,0.251456,738.977923,125.320045,129.999367
2009-12-13,05:44:30,2009-12-13 05:44:30,6.239810,1.324243,789.844117,95.917553,1934.080867,1.272715,2258.189957,2323.818917,0.029880,576.908671,3592.548195,25749.078755,1.056382,108.323011,0.024014,0.048574,5143.864087,2374.898901,1833.784711,1924.154524,2177.235215,1.142564,929719.700254,12987515.757718,164502.747455,0.157419,0.206212,931.572967,113.232848,112.625498
2009-12-20,05:44:40,2009-12-20 05:44:40,6.627205,1.262828,1121.260260,88.423979,2209.836782,1.357291,2055.480850,1839.579011,0.041961,540.713162,3377.889707,21507.846147,0.941185,108.980950,0.035106,0.060590,5996.835118,2405.327482,1567.668659,1729.257130,2274.803349,0.592844,1252387.695718,15782352.213783,136518.177771,0.213405,0.223510,876.787057,90.909780,153.177643
2009-12-27,05:44:50,2009-12-27 05:44:50,6.083973,1.247945,756.966684,111.081212,2131.801859,1.272022,2686.996286,2493.019552,0.034434,514.441832,3044.619113,29677.430888,0.920068,73.232723,0.034089,0.054471,5487.803806,2623.869029,2210.223894,2085.242147,2041.047243,1.109121,1026150.063309,10927551.004516,159640.128823,0.223314,0.175794,967.251397,83.089448,110.831704
2010-01-03,05:45:00,2010-01-03 05:45:00,8.029237,0.845484,845.430302,125.810112,1948.537712,0.959055,3043.138263,1868.395664,0.033293,590.899005,2691.354546,20941.773945,0.889457,96.336218,0.030109,0.059729,5162.410196,2255.670012,1978.815115,2328.031180,1533.025700,0.976953,771656.993080,14570874.991356,127200.980436,0.183233,0.255652,977.934109,93.824121,115.421900
2010-01-10,05:45:10,2010-01-10 05:45:10,8.559684,1.170984,886.266771,94.809829,2452.778548,0.847190,2640.243769,1813.134072,0.031431,624.964438,3372.247828,15813.197972,1.019484,93.692676,0.032390,0.039059,4007.672184,2872.570942,2174.351429,2041.061281,1724.286215,0.868364,946909.901013,11533640.764521,139246.362500,0.235788,0.235367,573.532035,82.415229,139.993407
2010-01-17,05:45:20,2010-01-17 05:45:20,9.061313,1.148818,767.883505,84.059446,2224.601548,0.887393,2979.106705,1035.170244,0.032898,581.010440,2338.474729,18036.230475,0.901719,98.311809,0.021519,0.053697,4083.467383,2672.560983,1970.308963,2177.168729,1338.562338,0.927317,792205.341381,10748820.462070,152859.065363,0.192118,0.261757,881.396270,96.201816,111.081097
2010-01-24,05:45:30,2010-01-24 05:45:30,7.513664,1.125455,894.837648,106.372845,2142.007778,0.881278,2142.737636,1481.139613,0.038605,638.929006,3267.461308,27349.861096,1.266357,115.575371,0.032344,0.044168,5222.060598,2618.032090,1968.682886,1732.860302,1013.717235,1.327158,1117356.393985,11496635.930169,153578.943498,0.176710,0.218402,1024.966226,120.415665,112.996258
2010-01-31,05:45:40,2010-01-31 05:45:40,7.015657,1.065879,647.239048,95.655566,2167.698246,0.749649,2197.211897,1101.680975,0.032371,489.233260,2963.316823,24812.850871,0.771833,105.375350,0.031943,0.048557,5886.746486,2294.114079,1847.934059,2078.975468,921.879625,1.238251,1364349.483237,14199881.885248,110611.096548,0.223096,0.230808,764.668428,83.776132,96.476466
2010-02-07,05:45:50,2010-02-07 05:45:50,5.893632,1.284493,924.781447,85.536291,1791.078109,1.259366,2260.877411,990.066321,0.049902,578.469045,3713.965521,20396.964029,0.970738,117.105011,0.025734,0.051998,4001.313254,2781.426117,1734.422420,1998.684626,1109.417177,1.109180,1015634.416781,12622602.050426,174597.047060,0.160927,0.227137,1312.401158,105.669551,89.294928
2010-02-14,05:46:00,2010-02-14 05:46:00,6.699768,0.863833,940.484989,86.036904,2710.408439,0.898230,3375.022800,1121.424218,0.041415,470.058649,3555.634710,25689.561878,1.192265,102.743625,0.032031,0.036059,5825.734712,2418.926644,1964.153586,1942.763307,1309.789473,1.271748,1000301.420925,14345866.484021,118625.626116,0.235270,0.181475,918.667408,78.760771,127.842140
2010-02-21,05:46:10,2010-02-21 05:46:10,5.077115,0.875691,916.750321,103.326858,2298.689447,1.332256,2461.462144,1015.542769,0.033573,664.391095,2873.115789,23781.270391,1.160762,112.100218,0.033745,0.046354,5014.480482,2913.240258,2857.786690,1934.168522,1344.267939,1.055872,978941.849996,8289688.559870,125074.020715,0.198931,0.250776,793.775168,76.712127,116.086854
2010-02-28,05:46:20,2010-02-28 05:46:20,6.859838,1.372661,918.737928,80.668481,1507.630472,1.104669,2426.846532,1026.519314,0.045485,611.023294,3371.781780,34132.324302,1.248331,98.863187,0.035209,0.036286,3617.362312,3125.135308,2180.745809,1993.183974,1166.564961,1.065438,984585.568227,12618232.914535,147434.326375,0.181121,0.210416,1237.074144,102.893523,134.643466
2010-03-07,05:46:30,2010-03-07 05:46:30,7.376096,0.964955,957.435761,105.539025,2188.636103,0.975910,2534.243725,1344.982557,0.026172,709.758427,3410.651815,28739.746033,1.105058,94.033729,0.030250,0.040574,4852.939999,2620.257827,2156.456738,1933.175294,1328.171051,0.864862,1169933.289855,12154795.426833,117998.921746,0.146576,0.188782,1327.664232,103.570601,124.894948
2010-03-14,05:46:40,2010-03-14 05:46:40,7.955762,1.176325,1304.266664,113.787599,2167.760122,0.819645,2937.439655,1105.310496,0.052789,686.984173,3084.813064,28577.950693,0.889181,137.377948,0.030831,0.045774,3790.832539,3096.866915,1864.788160,2356.332775,1097.083860,0.878452,930045.906667,12709077.777197,134725.523118,0.194422,0.192235,1503.702594,106.820423,84.142316
2010-03-21,05:46:50,2010-03-21 05:46:50,5.860523,1.061534,1393.670731,101.672063,1670.712312,1.023520,2773.553246,1045.694794,0.042871,747.708750,2242.124503,25906.153133,1.047646,90.488374,0.031193,0.049904,4623.625336,2919.027193,1976.378920,2014.007614,1331.363763,1.023990,1019349.670834,12422649.547367,131704.188892,0.187116,0.244424,1494.902151,84.944238,139.390322
2010-03-28,05:47:00,2010-03-28 05:47:00,7.641881,1.101952,897.483006,121.564479,2127.129599,0.932882,2213.937803,847.191677,0.050461,680.282585,3618.512911,29803.309965,0.934763,101.892773,0.030951,0.026681,4662.911937,2913.592674,1960.897580,1883.817647,1265.001673,1.145089,1212308.568969,9514886.109127,86197.789527,0.173340,0.199688,926.247922,109.619961,121.768518
2010-04-04,05:47:10,2010-04-04 05:47:10,6.689739,1.127997,1007.577774,73.985425,1851.060856,0.743217,2361.882077,901.982931,0.048843,620.553249,2972.199978,33603.204814,1.000962,98.499433,0.037116,0.042829,4472.468001,3065.218810,1788.806476,1949.032450,1137.016540,1.120459,1009187.736999,17978700.624776,202523.655588,0.186377,0.265004,1426.406057,95.162554,130.285039
2010-04-11,05:47:20,2010-04-11 05:47:20,6.390714,0.983444,1255.831213,107.143691,1919.199783,0.636334,2048.531761,833.536292,0.043680,574.842758,3060.610548,29304.384917,1.193584,93.411277,0.034225,0.026456,5214.006830,2608.483901,2362.079029,2353.726171,1457.236094,1.044488,1127492.462175,13684199.753112,116321.285195,0.184053,0.195517,830.982792,114.170811,144.780541
2010-04-18,05:47:30,2010-04-18 05:47:30,7.751544,1.123197,1660.519850,130.809112,2124.273682,0.771354,2950.607947,1261.223523,0.039360,939.195470,2975.260530,34141.895402,0.976470,153.711134,0.030775,0.031428,5930.266890,3003.911945,2419.533153,2440.542137,1546.042442,1.206913,1188131.783684,12698925.774870,158561.951882,0.170619,0.208732,1728.186462,108.755852,133.169557
2010-04-25,05:47:40,2010-04-25 05:47:40,7.756791,1.361548,1461.930820,83.704499,2019.467101,0.893615,2492.395415,1370.822300,0.042289,730.542784,2523.357710,34346.644313,0.971708,140.614138,0.040476,0.033038,3923.229646,3417.431335,1835.678039,1530.477969,1428.932872,1.063918,969882.163385,11650520.816155,114196.064869,0.207394,0.174187,1293.192132,113.416889,107.151675
2010-05-02,05:47:50,2010-05-02 05:47:50,6.975421,1.225498,1376.558138,65.908969,2501.229741,0.663304,2470.327033,1414.145048,0.041587,885.647556,3130.865815,30483.350698,1.040278,97.221086,0.031396,0.034613,4383.530723,2682.850027,2073.049448,1774.525846,1491.698452,0.976872,1279754.197518,15400175.746359,154452.206099,0.226892,0.192356,1328.112677,129.286379,128.760634
2010-05-09,05:48:00,2010-05-09 05:48:00,6.240448,1.046605,1058.859172,102.538488,1594.821738,0.858966,2082.808950,1949.377490,0.040744,679.634007,3369.356067,24475.404289,1.018430,85.582004,0.041482,0.032933,5051.472610,3006.122283,2488.582660,2157.278763,1617.381056,1.212074,1278684.254015,15387178.743419,134854.138879,0.143954,0.200323,1384.508463,102.683414,134.680385
2010-05-16,05:48:10,2010-05-16 05:48:10,6.234499,1.054472,1261.469729,84.410884,2295.007089,0.906065,2665.083481,1529.535326,0.041872,632.996066,3026.291462,29410.356232,1.053287,113.894103,0.037475,0.037962,4898.619478,2708.555748,2050.193755,2611.965876,2203.616720,0.935478,1023061.218806,9649013.838732,181419.070583,0.160028,0.257284,1159.472226,126.774856,122.791732
2010-05-23,05:48:20,2010-05-23 05:48:20,8.220987,1.127172,1162.295125,125.406010,2213.852990,0.959987,2723.079121,2263.083759,0.042434,726.338568,3378.215487,27886.466466,1.134755,99.024225,0.032110,0.029934,4969.397062,2389.357377,2156.422313,2194.771492,1870.853421,0.786844,900129.433093,9380088.601800,118351.286730,0.182730,0.176202,969.606651,111.441891,111.468654
2010-05-30,05:48:30,2010-05-30 05:48:30,5.985144,0.982792,927.558365,101.375104,1882.561248,0.777731,2031.995795,1978.690025,0.050984,566.399112,2130.807842,27993.775727,0.926072,96.673461,0.036225,0.043499,4476.758666,2447.006620,1976.677074,1983.390642,2101.236514,0.942473,985997.936903,12830245.192097,125266.630660,0.139662,0.205304,596.524497,96.203455,92.219490
2010-06-06,05:48:40,2010-06-06 05:48:40,5.704209,1.392380,723.591372,115.845526,1911.264075,0.922004,3238.997164,2030.766359,0.041462,701.562556,2488.063993,30965.767806,0.921896,118.053732,0.029741,0.031621,5176.242714,3149.640834,1876.687156,1820.464996,2153.260134,0.849680,1086955.957680,16841047.819055,141506.209301,0.252759,0.257282,923.520313,86.362831,120.846380
2010-06-13,05:48:50,2010-06-13 05:48:50,7.329263,1.247247,831.742356,120.437622,1612.943240,0.795620,2572.347687,2090.751313,0.033818,758.688877,2867.479906,23463.904380,1.023635,110.523164,0.030628,0.024615,5209.389265,2944.155071,2279.909084,2605.345716,1323.583967,1.130232,848667.822696,12262729.525515,134294.047529,0.187286,0.243188,877.081957,112.659589,81.250756
2010-06-20,05:49:00,2010-06-20 05:49:00,6.958585,1.038444,1077.849270,115.525070,1888.124119,0.688084,2143.039468,2136.348854,0.038725,719.454033,3271.485664,23737.217115,0.895147,108.412793,0.037088,0.034946,4068.728310,2326.550196,2269.231372,2022.312480,1815.494740,0.945480,971434.510202,14688420.553699,158466.855079,0.214592,0.217601,1102.998547,111.633790,127.680439
2010-06-27,05:49:10,2010-06-27 05:49:10,6.605696,0.901008,990.124282,121.291077,1610.719668,0.907342,2793.537345,1883.615708,0.036302,595.680375,3340.935234,33612.290370,1.115232,89.953904,0.031752,0.028971,5362.507585,2961.654075,2111.912411,2000.246163,2095.436238,1.022579,799534.905871,12880805.325275,127480.784831,0.218620,0.221285,880.730772,84.061564,96.839397
2010-07-04,05:49:20,2010-07-04 05:49:20,8.117770,1.184545,1067.482815,94.322183,1301.882236,0.688326,3037.978186,2072.420007,0.034314,638.583870,2664.544592,29312.666717,0.902622,100.628186,0.038214,0.025388,4573.762341,1889.133940,1986.516934,1445.992411,2222.767121,0.998285,931049.975654,14172993.386145,162618.544473,0.245229,0.177740,840.989696,99.215279,116.765157
2010-07-11,05:49:30,2010-07-11 05:49:30,5.293788,0.958484,1298.902314,99.011061,2384.995329,0.831991,2450.981217,2244.539663,0.024395,833.307759,3331.219828,25656.278658,1.145605,107.333921,0.029468,0.014940,5180.722666,2221.471248,2041.117724,2219.320514,1878.340287,1.030557,1199063.327457,13239445.921609,152049.217872,0.223969,0.153076,1495.700330,119.321516,106.919571
2010-07-18,05:49:40,2010-07-18 05:49:40,5.446670,1.264928,1361.836312,114.626101,2347.190381,1.001095,2390.521033,2449.766762,0.035636,657.823581,3589.939819,21139.145119,1.185066,117.021291,0.038233,0.024832,5007.955675,2596.280326,2106.270796,1907.907583,2180.385312,1.160023,1041528.151688,13564796.679486,179465.770475,0.218342,0.203454,1311.004398,104.189294,110.204203
2010-07-25,05:49:50,2010-07-25 05:49:50,5.725814,1.279934,653.985734,104.358572,2024.181049,0.933832,2693.548540,3012.090026,0.029428,532.514312,2874.400619,18228.731293,1.119966,80.411698,0.028829,0.024308,4114.922596,2958.671672,1899.457274,1228.793516,1625.894900,1.186766,1108058.031733,12276054.398525,97492.263510,0.174283,0.276018,830.812139,109.512436,85.295612
2010-08-01,05:50:00,2010-08-01 05:50:00,4.422467,1.069937,860.576695,134.888453,1904.730254,0.535518,2784.695615,2701.722253,0.031396,656.432281,3387.271957,25395.708324,0.992751,109.236958,0.029613,0.029551,3814.646753,2156.663782,1936.264684,2131.316349,2203.583573,1.140980,1177837.713402,16309392.585583,148655.437523,0.171945,0.211963,857.971883,80.192508,92.647038
2010-08-08,05:50:10,2010-08-08 05:50:10,7.532364,0.969205,877.983912,113.203388,2007.125990,0.620245,2841.047382,2442.151401,0.037230,636.861465,2109.066481,29488.776056,1.039902,83.044907,0.037471,0.025950,3265.317929,2261.326500,1922.140384,1893.471245,1642.185891,1.423127,1205792.303536,12935512.478912,129459.021513,0.184705,0.244997,813.657606,86.509961,99.907935
2010-08-15,05:50:20,2010-08-15 05:50:20,5.705246,1.147695,535.757792,108.443776,2125.765950,0.665124,2372.650483,2757.514824,0.036917,394.577116,3019.508861,28178.696607,0.969594,121.342839,0.032366,0.022896,4126.829503,1995.437919,1835.401592,1947.364228,1717.343378,0.968439,1325865.146479,5997539.062405,89946.690321,0.146164,0.135125,487.553443,94.625097,127.480643
2010-08-22,05:50:30,2010-08-22 05:50:30,6.046337,1.235301,331.182641,113.855197,1878.931065,0.790195,2539.237354,2991.125414,0.036247,288.826491,2304.550325,22677.398915,1.142598,112.784914,0.039029,0.030770,4144.601048,1820.281478,2068.753845,2265.331281,2267.238877,0.940823,799668.308509,15849366.802821,153936.152643,0.335785,0.248516,451.367093,121.635767,96.401251
2010-08-29,05:50:40,2010-08-29 05:50:40,7.811378,1.123076,346.171336,103.182241,1763.379950,0.460854,2736.130984,2819.359848,0.039010,391.384414,3106.179683,53770.735607,1.169022,98.599979,0.027635,0.019864,2987.807501,1738.834491,1890.813204,1980.047865,2312.076813,0.757284,1514755.860637,11113166.138633,114636.330961,0.186909,0.196027,423.859368,91.612285,116.296913
2010-09-05,05:50:50,2010-09-05 05:50:50,7.525224,0.830276,491.363366,123.420557,1948.027295,0.652700,2210.477708,2325.229130,0.038424,354.335974,3525.419796,54102.674315,1.033047,130.955848,0.033842,0.027212,2869.409821,1998.257034,1836.569038,1474.766138,2403.890746,0.912050,1091911.489916,12146979.805485,124977.242552,0.150661,0.222835,382.294184,138.579947,136.945076
2010-09-12,05:51:00,2010-09-12 05:51:00,5.592803,0.899842,342.939507,83.222485,1827.643780,1.058811,2429.207416,3331.772672,0.038935,280.081406,2623.777970,48453.832350,1.355720,110.066327,0.033224,0.038190,3366.504289,2374.425240,1709.616224,2270.254431,3075.968394,1.055241,989462.391038,8635819.245092,125178.735077,0.202302,0.227515,269.417868,106.400702,116.901885
2010-09-19,05:51:10,2010-09-19 05:51:10,8.624888,1.042142,210.023579,55.554066,2643.480923,0.811451,1940.016691,3071.458938,0.030167,176.712999,3483.889605,57520.001145,1.096873,113.950915,0.033175,0.022194,5536.403478,2339.086515,1905.700942,2608.728623,3611.739950,1.156627,1407790.515867,6492157.973391,68302.443085,0.116613,0.163030,196.970391,101.058314,80.263583
2010-09-26,05:51:20,2010-09-26 05:51:20,6.908665,0.896111,177.999341,123.131549,1967.678694,0.749021,2756.562296,3882.635716,0.027902,110.633904,2480.728067,47746.844072,1.262051,108.338882,0.044860,0.030850,4644.441329,3018.728360,2291.578915,2405.410580,3757.129231,0.958433,712423.080167,8142966.399895,80844.786290,0.169218,0.130984,154.263588,90.684597,129.171537
2010-10-03,05:51:30,2010-10-03 05:51:30,6.044806,1.290301,103.553897,110.404986,2130.732789,1.180478,2673.116813,3079.569580,0.045837,107.272861,2652.790295,37838.803378,1.305907,97.860338,0.039748,0.035371,5018.507341,2585.482055,2529.652462,2131.490200,2646.252940,0.938633,695405.283260,11229805.729988,114477.619135,0.183423,0.238176,112.354656,93.505490,93.858488
2010-10-10,05:51:40,2010-10-10 05:51:40,5.758567,1.098088,159.618391,103.377513,2689.972726,0.953342,2699.147663,3351.629578,0.033221,168.649278,2926.041050,48536.448664,0.923949,91.789189,0.038376,0.030487,3511.443549,2834.147802,2053.206546,2360.474473,3177.584567,1.066386,714349.637812,12913609.824577,175834.534356,0.242724,0.245412,205.127706,67.430445,128.385159
2010-10-17,05:51:50,2010-10-17 05:51:50,8.842034,1.280810,310.989952,77.834135,1382.245994,0.887742,2304.248830,4374.336517,0.037516,203.402779,2975.903515,45968.278646,1.034658,110.872860,0.037242,0.040137,3821.640186,2514.473087,1977.077265,1645.796616,3960.540197,1.367625,1086354.891874,17510255.054988,131296.459155,0.228403,0.194271,439.891471,87.205761,73.713810
2010-10-24,05:52:00,2010-10-24 05:52:00,5.442799,0.638030,380.948055,50.457347,1820.260121,0.552414,2309.131796,3584.020809,0.041322,195.488072,3237.769891,33934.648008,1.063577,109.642887,0.030748,0.030723,3601.929406,2244.840306,1656.454782,2035.929170,5225.827219,1.055426,1153902.523684,14338475.479306,130876.737117,0.189714,0.235306,253.741764,62.027089,97.087637
